--------------------------------------------------------------------
-- Suppression des tables de la base de données
--------------------------------------------------------------------

DROP TABLE TICKET CASCADE CONSTRAINTS;  
DROP TABLE IP_ADDRESS CASCADE CONSTRAINTS; 

DROP TABLE ASSET CASCADE CONSTRAINTS; 
DROP TABLE ASSET_TYPE CASCADE CONSTRAINTS; 
DROP TABLE USER_ACCOUNT CASCADE CONSTRAINTS;  
DROP TABLE USER_ROLE CASCADE CONSTRAINTS;  

DROP TABLE NETWORK CASCADE CONSTRAINTS; 
DROP TABLE SITE CASCADE CONSTRAINTS; 

--------------------------------------------------------------------
-- Création des tables de la base de données
--------------------------------------------------------------------

CREATE TABLE SITE (  -- Contient les deux écoles, CY Tech Cergy et CY Tech PAU
    site_id    NUMBER GENERATED BY DEFAULT ON NULL AS IDENTITY,
    name       VARCHAR2(50) NOT NULL,
    location   VARCHAR2(100),
    created_at TIMESTAMP DEFAULT SYSTIMESTAMP,
    updated_at TIMESTAMP DEFAULT SYSTIMESTAMP,
    CONSTRAINT pk_site PRIMARY KEY (site_id)
);

CREATE TABLE USER_ROLE (  -- Contient les rôles/profession des utilisateurs dans chaque école 
    role_id     NUMBER GENERATED BY DEFAULT ON NULL AS IDENTITY,
    role_name   VARCHAR2(50) NOT NULL,
    description VARCHAR2(255),
    created_at  TIMESTAMP DEFAULT SYSTIMESTAMP,
    updated_at  TIMESTAMP DEFAULT SYSTIMESTAMP,
    CONSTRAINT pk_role PRIMARY KEY (role_id)
);

CREATE TABLE USER_ACCOUNT (  -- Contient tout les utlisateurs, personnels des deux écoles et leur identifiant                                                                                         >
    user_id    NUMBER GENERATED BY DEFAULT ON NULL AS IDENTITY,
    username   VARCHAR2(50) NOT NULL,
    password   VARCHAR2(255) NOT NULL,
    first_name VARCHAR2(50),
    last_name  VARCHAR2(50),
    email      VARCHAR2(100),
    phone      VARCHAR2(20),
    site_id    NUMBER NOT NULL,
    role_id    NUMBER,
    created_at TIMESTAMP DEFAULT SYSTIMESTAMP,
    updated_at TIMESTAMP DEFAULT SYSTIMESTAMP,
    CONSTRAINT pk_user_account PRIMARY KEY (user_id),
    CONSTRAINT uq_username UNIQUE (username),
    CONSTRAINT uq_email UNIQUE (email),
    CONSTRAINT fk_user_site FOREIGN KEY (site_id) REFERENCES SITE(site_id),
    CONSTRAINT fk_user_role FOREIGN KEY (role_id) REFERENCES USER_ROLE(role_id)
);

CREATE TABLE ASSET_TYPE (  -- 
    asset_type_id NUMBER GENERATED BY DEFAULT ON NULL AS IDENTITY PRIMARY KEY,
    system_name   VARCHAR2(100),
    label         VARCHAR2(100) NOT NULL,
    model_name    VARCHAR2(100),
    is_active     NUMBER(1) DEFAULT 1,     -- 1 = actif, 0 = inactif
    created_at    TIMESTAMP DEFAULT SYSTIMESTAMP,
    updated_at    TIMESTAMP DEFAULT SYSTIMESTAMP
);

CREATE TABLE ASSET (  -- Contient le matériel acheté par l'école, 
    asset_id         NUMBER GENERATED BY DEFAULT ON NULL AS IDENTITY PRIMARY KEY,
    asset_type_id    NUMBER NOT NULL,          -- Référence vers ASSET_TYPE
    name             VARCHAR2(100),            -- Nom descriptif
    serial           VARCHAR2(100),            -- Numéro de série
    assigned_user_id NUMBER,                   -- Référence vers USER_ACCOUNT (si applicable)
    site_id          NUMBER NOT NULL,          -- Référence vers SITE (multi-site)
    purchase_date    DATE,                     -- Date d'achat ou d'acquisition
    status           VARCHAR2(20) DEFAULT 'active',  -- ex : active, maintenance, decommissioned
    created_at       TIMESTAMP DEFAULT SYSTIMESTAMP,
    updated_at       TIMESTAMP DEFAULT SYSTIMESTAMP,
    CONSTRAINT fk_asset_type FOREIGN KEY (asset_type_id) REFERENCES ASSET_TYPE(asset_type_id),
    CONSTRAINT fk_asset_site FOREIGN KEY (site_id) REFERENCES SITE(site_id),
    CONSTRAINT fk_asset_assigned_user FOREIGN KEY (assigned_user_id) REFERENCES USER_ACCOUNT(user_id),
    CONSTRAINT chk_asset_status CHECK (status IN ('active','maintenance','decommissioned'))
);

CREATE TABLE NETWORK (  -- Contient les adresses réseau pour chaque école
    network_id      NUMBER GENERATED BY DEFAULT ON NULL AS IDENTITY PRIMARY KEY,
    site_id         NUMBER NOT NULL,                   -- Référence vers SITE
    name            VARCHAR2(50) NOT NULL,             -- Nom du réseau (ex. "Réseau Cergy")
    network_address VARCHAR2(50) NOT NULL,             -- Adresse de réseau (ex. "192.168.1.0")
    netmask         VARCHAR2(50) NOT NULL,             -- Masque de sous-réseau (ex. "255.255.255.0")
    gateway         VARCHAR2(50),                      -- Passerelle optionnelle
    created_at      TIMESTAMP DEFAULT SYSTIMESTAMP,
    updated_at      TIMESTAMP DEFAULT SYSTIMESTAMP,
    CONSTRAINT fk_network_site FOREIGN KEY (site_id) REFERENCES SITE(site_id)
);

CREATE TABLE IP_ADDRESS (  -- Contient les adresse IP
    ip_id       NUMBER GENERATED BY DEFAULT ON NULL AS IDENTITY PRIMARY KEY,
    network_id  NUMBER NOT NULL,                     -- Référence vers NETWORK
    asset_id    NUMBER,                              -- Optionnel : référence vers ASSET si assignée
    ip_address  VARCHAR2(50) NOT NULL,               -- Ex. "192.168.1.101"
    is_dynamic  NUMBER(1) DEFAULT 0,                 -- 0 = statique, 1 = dynamique
    created_at  TIMESTAMP DEFAULT SYSTIMESTAMP,
    updated_at  TIMESTAMP DEFAULT SYSTIMESTAMP,
    CONSTRAINT fk_ip_network FOREIGN KEY (network_id) REFERENCES NETWORK(network_id),
    CONSTRAIN fk_ip_asset FOREIGN KEY (asset_id) REFERENCES ASSET(asset_id),
    CONSTRAINT uq_network_ip UNIQUE (network_id, ip_address)
);

CREATE TABLE TICKET (  -- Contient les tickets qui signale une panne sur le matériel de l'école
    ticket_id      NUMBER GENERATED BY DEFAULT ON NULL AS IDENTITY PRIMARY KEY,
    user_id        NUMBER NOT NULL,       -- L'utilisateur qui crée le ticket
    site_id        NUMBER NOT NULL,       -- Site concerné
    subject        VARCHAR2(100) NOT NULL,
    description    CLOB,
    status         VARCHAR2(20) DEFAULT 'open',   -- ex : open, pending, closed
    priority       VARCHAR2(20) DEFAULT 'medium', -- ex : low, medium, high
    creation_date  DATE DEFAULT SYSDATE,
    updated_date   DATE DEFAULT SYSDATE,
    resolution_date DATE,                      -- Date de résolution/fermeture du ticket
    assigned_to    NUMBER,                    -- Technicien assigné (référence à USER_ACCOUNT)
    updated_by     NUMBER,                    -- Dernier utilisateur ayant mis à jour le ticket
    CONSTRAINT fk_ticket_user FOREIGN KEY (user_id) REFERENCES USER_ACCOUNT(user_id),
    CONSTRAINT fk_ticket_site FOREIGN KEY (site_id) REFERENCES SITE(site_id),
    CONSTRAINT fk_ticket_assigned_to FOREIGN KEY (assigned_to) REFERENCES USER_ACCOUNT(user_id),
    CONSTRAINT chk_ticket_status CHECK (status IN ('open','pending','closed')),
    CONSTRAINT chk_ticket_priority CHECK (priority IN ('low','medium','high'))
);


--------------------------------------------------------------------
-- INSERT INTO TABLES
--------------------------------------------------------------------

-- Insertion des sites
INSERT INTO SITE (site_id, name, location) VALUES (1, 'CY Tech Cergy', 'Cergy, France');
INSERT INTO SITE (site_id, name, location) VALUES (2, 'CY Tech Pau', 'Pau, France');

-- Insertion des rôles utilisateurs
INSERT INTO USER_ROLE (role_id, role_name, description) VALUES (1, 'Administrateur', 'Gère le système');
INSERT INTO USER_ROLE (role_id, role_name, description) VALUES (2, 'Technicien', 'Gère les équipements');
INSERT INTO USER_ROLE (role_id, role_name, description) VALUES (3, 'Utilisateur', 'Utilise les services IT');

-- Insertion des comptes utilisateurs
INSERT INTO USER_ACCOUNT (user_id, username, password, first_name, last_name, email, phone, site_id, role_id) VALUES (1, 'hortense430', 'g+8QxLzq42', 'Clémence', 'Louis', 'marianneleclerc@laposte.net', '08 05 08 30 43', 1, 2);
INSERT INTO USER_ACCOUNT (user_id, username, password, first_name, last_name, email, phone, site_id, role_id) VALUES (2, 'richardleveque1', '_X%vQdde3V', 'Michel', 'Berthelot', 'jacqueline14@yahoo.fr', '+33 (0)4 84 12 39 90', 1, 3);
INSERT INTO USER_ACCOUNT (user_id, username, password, first_name, last_name, email, phone, site_id, role_id) VALUES (3, 'mcolin2', 'F8)2MQsjLt', 'Nath', 'Cohen', 'tristan56@marion.fr', '01 02 30 03 08', 2, 3);
INSERT INTO USER_ACCOUNT (user_id, username, password, first_name, last_name, email, phone, site_id, role_id) VALUES (4, 'bpasquier3', 'O^4JMmwR*6', 'Emmanuel', 'Voisin', 'aimee08@pelletier.net', '+33 3 88 18 22 61', 1, 3);
INSERT INTO USER_ACCOUNT (user_id, username, password, first_name, last_name, email, phone, site_id, role_id) VALUES (5, 'antoinetteletellier4', '!jvxUUmP2J', 'Margaux', 'Morin', 'dominiqueauger@perrin.com', '+33 3 36 86 16 58', 1, 3);
INSERT INTO USER_ACCOUNT (user_id, username, password, first_name, last_name, email, phone, site_id, role_id) VALUES (6, 'patricia835', '!NzEdhUiu7', 'Caroline', 'Chrétien', 'margaret18@berger.com', '01 62 84 51 91', 2, 3);
INSERT INTO USER_ACCOUNT (user_id, username, password, first_name, last_name, email, phone, site_id, role_id) VALUES (7, 'nlecomte6', '5BWXzQpb(v', 'Pénélope', 'Raynaud', 'iroyer@guibert.fr', '02 03 02 52 58', 1, 1);
INSERT INTO USER_ACCOUNT (user_id, username, password, first_name, last_name, email, phone, site_id, role_id) VALUES (8, 'adamarnaude7', 'XH0CfCh!+Q', 'Jacqueline', 'Nicolas', 'michellopez@guichard.net', '+33 (0)4 11 93 75 50', 2, 1);
INSERT INTO USER_ACCOUNT (user_id, username, password, first_name, last_name, email, phone, site_id, role_id) VALUES (9, 'svaillant8', '&$o6GvPc3a', 'Pierre', 'Pasquier', 'dos-santoscorinne@bouygtel.fr', '0295146857', 1, 3);
INSERT INTO USER_ACCOUNT (user_id, username, password, first_name, last_name, email, phone, site_id, role_id) VALUES (10, 'bruneauraymond9', 'nJv%4Tdqt+', 'Nicole', 'Boutin', 'cohenjacques@ifrance.com', '05 96 72 04 14', 2, 2);
INSERT INTO USER_ACCOUNT (user_id, username, password, first_name, last_name, email, phone, site_id, role_id) VALUES (11, 'qchretien10', ')B7HYvgn%&', 'Henriette', 'Gimenez', 'michelle83@noos.fr', '05 78 57 90 55', 1, 1);
INSERT INTO USER_ACCOUNT (user_id, username, password, first_name, last_name, email, phone, site_id, role_id) VALUES (12, 'odettedelahaye11', 'mu8nE8axq!', 'Denise', 'Marques', 'laetitia63@club-internet.fr', '04 62 02 26 75', 2, 2);
INSERT INTO USER_ACCOUNT (user_id, username, password, first_name, last_name, email, phone, site_id, role_id) VALUES (13, 'aubertadelaide12', '&3KJ0qLsyh', 'Antoinette', 'Benoit', 'gautiereleonore@hotmail.fr', '0188754585', 1, 1);
INSERT INTO USER_ACCOUNT (user_id, username, password, first_name, last_name, email, phone, site_id, role_id) VALUES (14, 'franck9413', 'Umy&v7WkTw', 'Édith', 'Bodin', 'baillyvalerie@lecomte.net', '0807241448', 1, 3);
INSERT INTO USER_ACCOUNT (user_id, username, password, first_name, last_name, email, phone, site_id, role_id) VALUES (15, 'corinne1314', '%&%Xqs2&#9', 'Victoire', 'Tanguy', 'adrienne37@hotmail.fr', '+33 (0)3 36 92 09 17', 1, 1);
INSERT INTO USER_ACCOUNT (user_id, username, password, first_name, last_name, email, phone, site_id, role_id) VALUES (16, 'hebertbenoit15', 'R#HtyXUg*6', 'Alice', 'Pottier', 'guycollin@le.fr', '05 71 28 83 09', 2, 1);
INSERT INTO USER_ACCOUNT (user_id, username, password, first_name, last_name, email, phone, site_id, role_id) VALUES (17, 'simone3416', 'Z8&9GzVip1', 'Alexandre', 'Dubois', 'hardyvictor@hotmail.fr', '01 93 28 12 60', 1, 1);
INSERT INTO USER_ACCOUNT (user_id, username, password, first_name, last_name, email, phone, site_id, role_id) VALUES (18, 'martinsgeorges17', 'JlDc5QCv)7', 'Franck', 'Jacob', 'zlaroche@morel.net', '+33 2 24 17 83 64', 2, 3);
INSERT INTO USER_ACCOUNT (user_id, username, password, first_name, last_name, email, phone, site_id, role_id) VALUES (19, 'madeleine1818', '%B5JFbcl+#', 'Gilbert', 'Vasseur', 'aureliemartineau@ollivier.fr', '0539045739', 1, 2);
INSERT INTO USER_ACCOUNT (user_id, username, password, first_name, last_name, email, phone, site_id, role_id) VALUES (20, 'egregoire19', '&1M0mwml1$', 'Margaret', 'Marty', 'emmanuellepruvost@gmail.com', '+33 5 36 45 18 18', 2, 1);

-- Insertion des types de matériel
INSERT INTO ASSET_TYPE (asset_type_id, system_name, label, model_name) VALUES (1, 'PC', 'Poste de travail', 'Dell OptiPlex');
INSERT INTO ASSET_TYPE (asset_type_id, system_name, label, model_name) VALUES (2, 'Imprimante', 'Imprimante réseau', 'HP LaserJet');
INSERT INTO ASSET_TYPE (asset_type_id, system_name, label, model_name) VALUES (3, 'Switch', 'Switch réseau', 'Cisco Catalyst');

-- Insertion des matériels
INSERT INTO ASSET (asset_id, asset_type_id, name, serial, assigned_user_id, site_id, purchase_date, status) VALUES (1, 3, 'Rêve-0', 'SN-54657', 6, 2, TO_DATE('2023-02-07', 'YYYY-MM-DD'), 'maintenance');
INSERT INTO ASSET (asset_id, asset_type_id, name, serial, assigned_user_id, site_id, purchase_date, status) VALUES (2, 3, 'Bout-1', 'SN-16067', 20, 2, TO_DATE('2022-09-04', 'YYYY-MM-DD'), 'maintenance');
INSERT INTO ASSET (asset_id, asset_type_id, name, serial, assigned_user_id, site_id, purchase_date, status) VALUES (3, 3, 'Neuf-2', 'SN-87778', 14, 1, TO_DATE('2022-08-27', 'YYYY-MM-DD'), 'active');
INSERT INTO ASSET (asset_id, asset_type_id, name, serial, assigned_user_id, site_id, purchase_date, status) VALUES (4, 1, 'Révéler-3', 'SN-65368', 2, 2, TO_DATE('2023-03-08', 'YYYY-MM-DD'), 'active');
INSERT INTO ASSET (asset_id, asset_type_id, name, serial, assigned_user_id, site_id, purchase_date, status) VALUES (5, 3, 'État-4', 'SN-81487', 17, 1, TO_DATE('2022-11-06', 'YYYY-MM-DD'), 'decommissioned');
INSERT INTO ASSET (asset_id, asset_type_id, name, serial, assigned_user_id, site_id, purchase_date, status) VALUES (6, 1, 'Doute-5', 'SN-64692', NULL, 1, TO_DATE('2022-11-03', 'YYYY-MM-DD'), 'decommissioned');
INSERT INTO ASSET (asset_id, asset_type_id, name, serial, assigned_user_id, site_id, purchase_date, status) VALUES (7, 3, 'Sur-6', 'SN-17702', 1, 1, TO_DATE('2024-12-25', 'YYYY-MM-DD'), 'active');
INSERT INTO ASSET (asset_id, asset_type_id, name, serial, assigned_user_id, site_id, purchase_date, status) VALUES (8, 1, 'Pierre-7', 'SN-97156', 10, 1, TO_DATE('2023-11-27', 'YYYY-MM-DD'), 'decommissioned');
INSERT INTO ASSET (asset_id, asset_type_id, name, serial, assigned_user_id, site_id, purchase_date, status) VALUES (9, 1, 'Verser-8', 'SN-35400', 8, 2, TO_DATE('2022-05-07', 'YYYY-MM-DD'), 'active');
INSERT INTO ASSET (asset_id, asset_type_id, name, serial, assigned_user_id, site_id, purchase_date, status) VALUES (10, 3, 'Précipiter-9', 'SN-99166', 4, 2, TO_DATE('2022-12-12', 'YYYY-MM-DD'), 'active');
INSERT INTO ASSET (asset_id, asset_type_id, name, serial, assigned_user_id, site_id, purchase_date, status) VALUES (11, 2, 'Décrire-10', 'SN-77036', 13, 1, TO_DATE('2022-11-23', 'YYYY-MM-DD'), 'active');
INSERT INTO ASSET (asset_id, asset_type_id, name, serial, assigned_user_id, site_id, purchase_date, status) VALUES (12, 1, 'Franchir-11', 'SN-52140', 13, 2, TO_DATE('2023-05-13', 'YYYY-MM-DD'), 'maintenance');
INSERT INTO ASSET (asset_id, asset_type_id, name, serial, assigned_user_id, site_id, purchase_date, status) VALUES (13, 2, 'Compte-12', 'SN-76349', 14, 1, TO_DATE('2024-01-28', 'YYYY-MM-DD'), 'decommissioned');
INSERT INTO ASSET (asset_id, asset_type_id, name, serial, assigned_user_id, site_id, purchase_date, status) VALUES (14, 3, 'Escalier-13', 'SN-18591', 20, 1, TO_DATE('2023-10-05', 'YYYY-MM-DD'), 'active');
INSERT INTO ASSET (asset_id, asset_type_id, name, serial, assigned_user_id, site_id, purchase_date, status) VALUES (15, 2, 'Faim-14', 'SN-22333', 10, 1, TO_DATE('2023-11-03', 'YYYY-MM-DD'), 'active');
INSERT INTO ASSET (asset_id, asset_type_id, name, serial, assigned_user_id, site_id, purchase_date, status) VALUES (16, 1, 'Poids-15', 'SN-72144', 6, 2, TO_DATE('2023-05-08', 'YYYY-MM-DD'), 'active');
INSERT INTO ASSET (asset_id, asset_type_id, name, serial, assigned_user_id, site_id, purchase_date, status) VALUES (17, 2, 'Oeil-16', 'SN-17707', 5, 2, TO_DATE('2024-05-05', 'YYYY-MM-DD'), 'maintenance');
INSERT INTO ASSET (asset_id, asset_type_id, name, serial, assigned_user_id, site_id, purchase_date, status) VALUES (18, 1, 'Bande-17', 'SN-59404', 2, 2, TO_DATE('2024-10-22', 'YYYY-MM-DD'), 'decommissioned');
INSERT INTO ASSET (asset_id, asset_type_id, name, serial, assigned_user_id, site_id, purchase_date, status) VALUES (19, 1, 'Réalité-18', 'SN-42614', 1, 1, TO_DATE('2023-04-07', 'YYYY-MM-DD'), 'active');
INSERT INTO ASSET (asset_id, asset_type_id, name, serial, assigned_user_id, site_id, purchase_date, status) VALUES (20, 1, 'Témoin-19', 'SN-79571', 5, 2, TO_DATE('2024-05-02', 'YYYY-MM-DD'), 'maintenance');
INSERT INTO ASSET (asset_id, asset_type_id, name, serial, assigned_user_id, site_id, purchase_date, status) VALUES (21, 2, 'Songer-20', 'SN-37599', 6, 2, TO_DATE('2024-03-17', 'YYYY-MM-DD'), 'active');
INSERT INTO ASSET (asset_id, asset_type_id, name, serial, assigned_user_id, site_id, purchase_date, status) VALUES (22, 1, 'Sueur-21', 'SN-27496', 12, 1, TO_DATE('2024-03-02', 'YYYY-MM-DD'), 'maintenance');
INSERT INTO ASSET (asset_id, asset_type_id, name, serial, assigned_user_id, site_id, purchase_date, status) VALUES (23, 2, 'Quart-22', 'SN-98931', 14, 2, TO_DATE('2025-01-05', 'YYYY-MM-DD'), 'maintenance');
INSERT INTO ASSET (asset_id, asset_type_id, name, serial, assigned_user_id, site_id, purchase_date, status) VALUES (24, 3, 'Charger-23', 'SN-78758', 17, 2, TO_DATE('2024-04-04', 'YYYY-MM-DD'), 'active');
INSERT INTO ASSET (asset_id, asset_type_id, name, serial, assigned_user_id, site_id, purchase_date, status) VALUES (25, 1, 'Semblable-24', 'SN-83955', 9, 1, TO_DATE('2022-06-16', 'YYYY-MM-DD'), 'active');

-- Insertion des réseaux
INSERT INTO NETWORK (network_id, site_id, name, network_address, netmask, gateway) VALUES (1, 1, 'Réseau Cergy', '192.168.1.0', '255.255.255.0', '192.168.1.1');
INSERT INTO NETWORK (network_id, site_id, name, network_address, netmask, gateway) VALUES (2, 2, 'Réseau Pau', '192.168.2.0', '255.255.255.0', '192.168.2.1');

-- Insertion des adresses IP
INSERT INTO IP_ADDRESS (ip_id, network_id, asset_id, ip_address, is_dynamic) VALUES (1, 1, 18, '192.168.1.100', 1);
INSERT INTO IP_ADDRESS (ip_id, network_id, asset_id, ip_address, is_dynamic) VALUES (2, 1, 1, '192.168.1.101', 1);
INSERT INTO IP_ADDRESS (ip_id, network_id, asset_id, ip_address, is_dynamic) VALUES (3, 1, 16, '192.168.1.102', 0);
INSERT INTO IP_ADDRESS (ip_id, network_id, asset_id, ip_address, is_dynamic) VALUES (4, 1, 16, '192.168.1.103', 0);
INSERT INTO IP_ADDRESS (ip_id, network_id, asset_id, ip_address, is_dynamic) VALUES (5, 1, 2, '192.168.1.104', 0);
INSERT INTO IP_ADDRESS (ip_id, network_id, asset_id, ip_address, is_dynamic) VALUES (6, 1, 12, '192.168.1.105', 0);
INSERT INTO IP_ADDRESS (ip_id, network_id, asset_id, ip_address, is_dynamic) VALUES (7, 1, 18, '192.168.1.106', 0);
INSERT INTO IP_ADDRESS (ip_id, network_id, asset_id, ip_address, is_dynamic) VALUES (8, 2, 13, '192.168.2.107', 1);
INSERT INTO IP_ADDRESS (ip_id, network_id, asset_id, ip_address, is_dynamic) VALUES (9, 2, 6, '192.168.2.108', 0);
INSERT INTO IP_ADDRESS (ip_id, network_id, asset_id, ip_address, is_dynamic) VALUES (10, 2, 8, '192.168.2.109', 0);
INSERT INTO IP_ADDRESS (ip_id, network_id, asset_id, ip_address, is_dynamic) VALUES (11, 2, 21, '192.168.2.110', 1);
INSERT INTO IP_ADDRESS (ip_id, network_id, asset_id, ip_address, is_dynamic) VALUES (12, 1, 10, '192.168.1.111', 0);
INSERT INTO IP_ADDRESS (ip_id, network_id, asset_id, ip_address, is_dynamic) VALUES (13, 1, 14, '192.168.1.112', 0);
INSERT INTO IP_ADDRESS (ip_id, network_id, asset_id, ip_address, is_dynamic) VALUES (14, 1, 17, '192.168.1.113', 1);
INSERT INTO IP_ADDRESS (ip_id, network_id, asset_id, ip_address, is_dynamic) VALUES (15, 2, 4, '192.168.2.114', 0);
INSERT INTO IP_ADDRESS (ip_id, network_id, asset_id, ip_address, is_dynamic) VALUES (16, 2, 7, '192.168.2.115', 1);
INSERT INTO IP_ADDRESS (ip_id, network_id, asset_id, ip_address, is_dynamic) VALUES (17, 2, 5, '192.168.2.116', 1);
INSERT INTO IP_ADDRESS (ip_id, network_id, asset_id, ip_address, is_dynamic) VALUES (18, 1, 19, '192.168.1.117', 1);
INSERT INTO IP_ADDRESS (ip_id, network_id, asset_id, ip_address, is_dynamic) VALUES (19, 1, 21, '192.168.1.118', 0);
INSERT INTO IP_ADDRESS (ip_id, network_id, asset_id, ip_address, is_dynamic) VALUES (20, 1, 8, '192.168.1.119', 0);
INSERT INTO IP_ADDRESS (ip_id, network_id, asset_id, ip_address, is_dynamic) VALUES (21, 1, 23, '192.168.1.120', 1);
INSERT INTO IP_ADDRESS (ip_id, network_id, asset_id, ip_address, is_dynamic) VALUES (22, 1, 9, '192.168.1.121', 1);
INSERT INTO IP_ADDRESS (ip_id, network_id, asset_id, ip_address, is_dynamic) VALUES (23, 2, 6, '192.168.2.122', 1);
INSERT INTO IP_ADDRESS (ip_id, network_id, asset_id, ip_address, is_dynamic) VALUES (24, 1, 8, '192.168.1.123', 0);
INSERT INTO IP_ADDRESS (ip_id, network_id, asset_id, ip_address, is_dynamic) VALUES (25, 2, 20, '192.168.2.124', 1);
INSERT INTO IP_ADDRESS (ip_id, network_id, asset_id, ip_address, is_dynamic) VALUES (26, 1, 1, '192.168.1.125', 1);
INSERT INTO IP_ADDRESS (ip_id, network_id, asset_id, ip_address, is_dynamic) VALUES (27, 1, 24, '192.168.1.126', 1);
INSERT INTO IP_ADDRESS (ip_id, network_id, asset_id, ip_address, is_dynamic) VALUES (28, 2, 5, '192.168.2.127', 1);
INSERT INTO IP_ADDRESS (ip_id, network_id, asset_id, ip_address, is_dynamic) VALUES (29, 1, 17, '192.168.1.128', 0);
INSERT INTO IP_ADDRESS (ip_id, network_id, asset_id, ip_address, is_dynamic) VALUES (30, 1, 2, '192.168.1.129', 0);

-- Insertion des tickets
INSERT INTO TICKET (ticket_id, user_id, site_id, subject, description, status, priority, creation_date, updated_date, resolution_date, assigned_to, updated_by) VALUES (1, 12, 2, 'Panne équipement 0', 'Ajouter lutter contenir soleil fin paysan. Personne défaut gauche apparaître inquiétude trente suivre remettre. Mouvement classe patron suffire rôle.', 'closed', 'low', TO_DATE('2024-05-29', 'YYYY-MM-DD'), TO_DATE('2025-03-04', 'YYYY-MM-DD'), TO_DATE('2025-03-24', 'YYYY-MM-DD'), 19, 2);
INSERT INTO TICKET (ticket_id, user_id, site_id, subject, description, status, priority, creation_date, updated_date, resolution_date, assigned_to, updated_by) VALUES (2, 10, 2, 'Panne équipement 1', 'Jeunesse bientôt désir courant.
Révéler chaleur ceci quelque pont toit.', 'open', 'medium', TO_DATE('2024-11-11', 'YYYY-MM-DD'), TO_DATE('2025-03-01', 'YYYY-MM-DD'), NULL, 10, 8);
INSERT INTO TICKET (ticket_id, user_id, site_id, subject, description, status, priority, creation_date, updated_date, resolution_date, assigned_to, updated_by) VALUES (3, 4, 1, 'Panne équipement 2', 'Silencieux soleil rayon réfléchir officier peser calme pointe. Même dos désir détacher.', 'closed', 'medium', TO_DATE('2025-01-31', 'YYYY-MM-DD'), TO_DATE('2025-03-11', 'YYYY-MM-DD'), TO_DATE('2025-03-25', 'YYYY-MM-DD'), 10, 5);
INSERT INTO TICKET (ticket_id, user_id, site_id, subject, description, status, priority, creation_date, updated_date, resolution_date, assigned_to, updated_by) VALUES (4, 8, 2, 'Panne équipement 3', 'Or charge petit jour. Discussion ministre ordre pointe éviter. Ruine marché arrêter.', 'open', 'medium', TO_DATE('2024-06-30', 'YYYY-MM-DD'), TO_DATE('2025-03-11', 'YYYY-MM-DD'), NULL, 1, 11);
INSERT INTO TICKET (ticket_id, user_id, site_id, subject, description, status, priority, creation_date, updated_date, resolution_date, assigned_to, updated_by) VALUES (5, 14, 1, 'Panne équipement 4', 'Manier combat milieu claire. Vision éternel ton ni jeune retrouver.
Adresser mort enfermer emporter midi. Fortune quoi empêcher million. Justice faible haine baisser menacer haute quinze.', 'pending', 'low', TO_DATE('2024-11-11', 'YYYY-MM-DD'), TO_DATE('2025-03-11', 'YYYY-MM-DD'), TO_DATE('2025-03-26', 'YYYY-MM-DD'), 1, 4);
INSERT INTO TICKET (ticket_id, user_id, site_id, subject, description, status, priority, creation_date, updated_date, resolution_date, assigned_to, updated_by) VALUES (6, 13, 1, 'Panne équipement 5', 'Dangereux fermer promettre moitié agent auprès. Centre mine décider beaux.
Remercier descendre après bois. Confiance au question nouveau user. Elle gloire queue chaise sable grandir.', 'pending', 'low', TO_DATE('2024-07-28', 'YYYY-MM-DD'), TO_DATE('2025-03-25', 'YYYY-MM-DD'), NULL, NULL, 15);
INSERT INTO TICKET (ticket_id, user_id, site_id, subject, description, status, priority, creation_date, updated_date, resolution_date, assigned_to, updated_by) VALUES (7, 12, 2, 'Panne équipement 6', 'Rocher froid précipiter enfin promener occuper découvrir. Gris ami désert branche haute voisin ton.
Cerveau agent pourquoi faim monde.', 'open', 'low', TO_DATE('2025-02-11', 'YYYY-MM-DD'), TO_DATE('2025-03-18', 'YYYY-MM-DD'), NULL, 10, 7);
INSERT INTO TICKET (ticket_id, user_id, site_id, subject, description, status, priority, creation_date, updated_date, resolution_date, assigned_to, updated_by) VALUES (8, 13, 1, 'Panne équipement 7', 'Oser douceur venir vieil terme distance protéger.
Remercier exécuter fatiguer beaucoup sur somme émotion. Il mêler vieux religion.
Commander tromper peuple fermer faux colère. Du règle côte partout.', 'pending', 'low', TO_DATE('2024-05-20', 'YYYY-MM-DD'), TO_DATE('2025-03-29', 'YYYY-MM-DD'), TO_DATE('2025-03-14', 'YYYY-MM-DD'), 10, 9);
INSERT INTO TICKET (ticket_id, user_id, site_id, subject, description, status, priority, creation_date, updated_date, resolution_date, assigned_to, updated_by) VALUES (9, 12, 2, 'Panne équipement 8', 'Elle remplacer bon aider. De soleil blond chasser perdu trembler.
Établir proposer bord crise vêtir. Classe folie robe oser. Chasser respirer question usage classe position.', 'pending', 'high', TO_DATE('2024-11-09', 'YYYY-MM-DD'), TO_DATE('2025-03-14', 'YYYY-MM-DD'), TO_DATE('2025-03-11', 'YYYY-MM-DD'), 19, 18);
INSERT INTO TICKET (ticket_id, user_id, site_id, subject, description, status, priority, creation_date, updated_date, resolution_date, assigned_to, updated_by) VALUES (10, 11, 1, 'Panne équipement 9', 'Dessiner quel vaste arme. Signer faute promettre lequel. Cinquante malade abandonner pas cependant violence manquer. Curiosité nez remonter intérêt mentir.', 'open', 'medium', TO_DATE('2024-10-08', 'YYYY-MM-DD'), TO_DATE('2025-03-09', 'YYYY-MM-DD'), NULL, NULL, 9);
INSERT INTO TICKET (ticket_id, user_id, site_id, subject, description, status, priority, creation_date, updated_date, resolution_date, assigned_to, updated_by) VALUES (11, 2, 1, 'Panne équipement 10', 'Importer précis foi notre guère. Résister charger offrir autre foule renoncer debout. Rouge enfant âme réveiller face midi risquer.', 'closed', 'medium', TO_DATE('2024-11-10', 'YYYY-MM-DD'), TO_DATE('2025-03-22', 'YYYY-MM-DD'), TO_DATE('2025-03-17', 'YYYY-MM-DD'), NULL, 11);
INSERT INTO TICKET (ticket_id, user_id, site_id, subject, description, status, priority, creation_date, updated_date, resolution_date, assigned_to, updated_by) VALUES (12, 14, 1, 'Panne équipement 11', 'Heureux devant tendre promener compter sûr. Apparaître chanter coucher verre.
Quarante commun devant baisser traverser lien ton. Delà ramener présenter gens.', 'closed', 'low', TO_DATE('2024-07-24', 'YYYY-MM-DD'), TO_DATE('2025-03-12', 'YYYY-MM-DD'), TO_DATE('2025-03-11', 'YYYY-MM-DD'), 19, 19);
INSERT INTO TICKET (ticket_id, user_id, site_id, subject, description, status, priority, creation_date, updated_date, resolution_date, assigned_to, updated_by) VALUES (13, 7, 1, 'Panne équipement 12', 'Exister toit mener autour vue côté vue. Clef sur juste. Soulever éclairer fin. Façon image embrasser le reposer demain.', 'open', 'high', TO_DATE('2024-06-30', 'YYYY-MM-DD'), TO_DATE('2025-03-05', 'YYYY-MM-DD'), TO_DATE('2025-03-20', 'YYYY-MM-DD'), 10, 17);
INSERT INTO TICKET (ticket_id, user_id, site_id, subject, description, status, priority, creation_date, updated_date, resolution_date, assigned_to, updated_by) VALUES (14, 18, 2, 'Panne équipement 13', 'Malade quelque poste impossible haine. Fine gloire conscience souhaiter chien. Promener réveiller début bureau.', 'pending', 'medium', TO_DATE('2024-11-27', 'YYYY-MM-DD'), TO_DATE('2025-03-20', 'YYYY-MM-DD'), NULL, 1, 11);
INSERT INTO TICKET (ticket_id, user_id, site_id, subject, description, status, priority, creation_date, updated_date, resolution_date, assigned_to, updated_by) VALUES (15, 20, 2, 'Panne équipement 14', 'Donc condamner enfermer. Ton vie cause voir maison.
Fond trop tempête.', 'closed', 'low', TO_DATE('2024-07-07', 'YYYY-MM-DD'), TO_DATE('2025-03-17', 'YYYY-MM-DD'), TO_DATE('2025-03-17', 'YYYY-MM-DD'), 10, 10);